<?xml version="1.0"?>
<!DOCTYPE database-schema PUBLIC "-//Evermind//- Database schema" "http://xmlns.oracle.com/ias/dtds/database-schema.dtd">

<database-schema name="Microsoft Access" not-null="not null" null="" primary-key="primary key">
	<type-mapping type="java.lang.String" name="char (255)" />
	<type-mapping type="int" name="integer" />
	<type-mapping type="float" name="float" />
	<type-mapping type="double" name="double" />
	<type-mapping type="byte" name="smallint" />
	<type-mapping type="char" name="char" />
	<type-mapping type="short" name="integer" />
	<type-mapping type="boolean" name="bit" />
	<type-mapping type="java.util.Date" name="datetime" />

	<!-- Unsupported types, at least via the JDBC-ODBC bridge -->
	<type-mapping type="long" name="[none]" />
	<type-mapping type="java.io.Serializable" name="[none]" />
	
	<disallowed-field name="password" />
	<disallowed-field name="username" />
	<disallowed-field name="date" />
	<disallowed-field name="text" />
</database-schema>
