<?xml version="1.0"?>
<!DOCTYPE database-schema PUBLIC "-//Evermind//- Database schema" "http://xmlns.oracle.com/ias/dtds/database-schema.dtd">

<database-scheme name="PostGreSQL" not-null="not null" null="null" primary-key="primary key">
	<type-mapping type="java.lang.String" name="varchar(255)" />
	<type-mapping type="int" name="integer" />
	<type-mapping type="long" name="integer" />
	<type-mapping type="float" name="float" />
	<type-mapping type="double" name="double precision" />
	<type-mapping type="byte" name="smallint" />
	<type-mapping type="char" name="char" />
	<type-mapping type="short" name="integer" />
	<type-mapping type="boolean" name="bool" />
	<type-mapping type="java.util.Date" name="timestamp" />
	<type-mapping type="java.io.Serializable" name="oid" />

	<disallowed-field name="position" />
	<disallowed-field name="parent" />
	<disallowed-field name="password" />
	<disallowed-field name="username" />
	<disallowed-field name="date" />
	<disallowed-field name="order" />
	<disallowed-field named="abort" />
    <disallowed-field named="analyze" /> 
    <disallowed-field named="binary" /> 
    <disallowed-field named="cluster" />
    <disallowed-field named="constraint" />
    <disallowed-field named="copy" />
    <disallowed-field named="do" /> 
    <disallowed-field named="explain" />
    <disallowed-field named="extend" />
    <disallowed-field named="listen" />
    <disallowed-field named="load" />
    <disallowed-field named="lock" /> 
    <disallowed-field named="move" /> 
    <disallowed-field named="new" />
    <disallowed-field named="none" />
    <disallowed-field named="notify" /> 
    <disallowed-field named="offset" /> 
    <disallowed-field named="reset" /> 
    <disallowed-field named="setof" />
    <disallowed-field named="show" />
    <disallowed-field named="unlisten" />
    <disallowed-field named="until" /> 
    <disallowed-field named="vacuum" />
    <disallowed-field named="verbose" />
</database-scheme>
