<?xml version="1.0" standalone='yes'?>

<internal-settings 
  xmlns:xsi="http://www.w3.org/2001/XMLSchema-instance" 
  xsi:noNamespaceSchemaLocation="http://xmlns.oracle.com/oracleas/schema/internal-settings-10_0.xsd"
  schema-major-version="10"
  schema-minor-version="0"
>
<!-- IIOP Server -->
  <server-extension-provider name="IIOP"
       class="com.oracle.iiop.server.IIOPServerExtensionProvider">
    <sep-property name="port" value="5555" />
    <sep-property name="host" value="localhost" />
    <sep-property name="ssl" value="false" />
    <sep-property name="ssl-port" value="5556" />
    <sep-property name="ssl-client-server-auth-port" value="5557" />
    <sep-property name="trusted-clients" value="*" />
  </server-extension-provider>

  <!-- New ORB config
  <server-extension-provider name="ORB"
    class="com.oracle.corba.ee.impl.orb.ORBServerExtensionProviderImpl">
    <sep-property name="config-file-path" value="orb-config.xml" />
  </server-extension-provider>
  -->

</internal-settings>
