<?xml version="1.0" encoding="UTF-8"?>
<cache-configuration
    xmlns="http://www.oracle.com/oracle/ias/cache/configuration"
    xmlns:xsi="http://www.w3.org/2001/XMLSchema-instance"
    xsi:schemaLocation="http://www.oracle.com/oracle/ias/cache/configuration/ora-cache.xsd">
    <logging>
        <location>../log/javacache.log</location>
        <level>FATAL</level>
    </logging>
    <communication>
        <isDistributed>true</isDistributed>
        <coordinator discovery-port="7000"/>
    </communication>
    <persistence>
        <location>../persistence/diskcache</location>
        <disksize>100</disksize>
    </persistence>
    <max-objects>1000</max-objects>
    <max-size>48</max-size>
    <clean-interval>60</clean-interval>
</cache-configuration>