<?xml version="1.0" standalone='yes'?>

<application-server 
  xmlns:xsi="http://www.w3.org/2001/XMLSchema-instance"
  xsi:noNamespaceSchemaLocation="http://xmlns.oracle.com/oracleas/schema/application-server-10_1.xsd"
  application-directory="../applications"
  deployment-directory="../application-deployments"
  connector-directory="../connectors"
  schema-major-version="10"
  schema-minor-version="1"
  check-for-updates="adminClientOnly"
>

  <rmi-config path="./rmi.xml" />

  <!-- Interoperability config link - Uncomment for IIOP functionality 
  <sep-config path="./internal-settings.xml" />
  -->

  <!-- JMS-server config link -->
  <jms-config path="./jms.xml" />
  <javacache-config path="../../../javacache/admin/javacache.xml" />
  <j2ee-logging-config path="./j2ee-logging.xml" />
  <log>
    <file path="../log/server.log" />
    <!-- Uncomment this if you want to use ODL logging capabilities
    <odl path="../log/server/" max-file-size="1000" max-directory-size="10000"/>
    -->
  </log>
 
  <transaction-manager-config path="transaction-manager.xml" />
  
  <global-application name="default" path="application.xml" />

  <application name="javasso" path="../../home/applications/javasso.ear" parent="default" start="false" /> 
  <application name="ascontrol" path="../../home/applications/ascontrol.ear" parent="system" start="true"/>
  <global-web-app-config path="global-web-application.xml" />

  <web-site default="true" path="./default-web-site.xml" />

  <!-- Global application libraries -->
  <shared-library name="global.libraries" version="1.0" library-compatible="true">
    <code-source path="../applib"/>
  </shared-library>

  <!-- Global application JSP tag libraries -->
  <shared-library name="global.tag.libraries" version="1.0" library-compatible="true">
    <import-shared-library name="oracle.xml"/>
    <import-shared-library name="oracle.jdbc" />
    <import-shared-library name="oracle.cache"/>
    <import-shared-library name="soap" />
    <code-source path="../../home/jsp/lib/taglib/"/>
    <code-source path="../../../j2ee/home/jsp/lib/taglib/"/>
    <code-source path="../../../lib/dsv2.jar" />
  </shared-library>

  <!-- Java Persistence Reference Implementation libraries -->
  <shared-library name="oracle.persistence" version="1.0" library-compatible="true">
    <code-source path="../../../toplink/jlib/toplink-essentials.jar"/>
    <import-shared-library name="oracle.jdbc"/> 
  </shared-library>

  

  

</application-server>
